loss_functions,dice,mono_proportion
ncc,0.870024605425384,0.561917906309482
ncc + spatial,0.8444530362716851,0.5570064419861931
ncc + temporal,0.8775924076298,0.663298440344049
ncc + spatial + temporal,0.880056958803135,0.571024430476704
ncc + spatial + temporal + monotonic,0.8857218770838415,0.9833052011554261
ncc + monotonic,0.838989329349334,0.992438800809685
ncc + spatial + monotonic,0.848184029349026,0.986473757696575
ncc + temporal + monotonic,0.868479538940495,0.985319162337972
